Group 1,Group 2,H,p-value,q-value
IB (n=6),OB (n=6),0.1025641025641093,0.7487740417065392,0.7487740417065392
