Group 1,Group 2,H,p-value,q-value
MB1 (n=1),MB2 (n=3),0.1999999999999993,0.6547208460185774,1.0
MB1 (n=1),MB3 (n=2),0.0,1.0,1.0
MB1 (n=1),MB4 (n=3),0.1999999999999993,0.6547208460185774,1.0
MB1 (n=1),MB5 (n=3),1.8000000000000007,0.17971249487899588,0.599041649596653
MB2 (n=3),MB3 (n=2),0.0,1.0,1.0
MB2 (n=3),MB4 (n=3),1.1904761904761898,0.27523352407483126,0.6880838101870781
MB2 (n=3),MB5 (n=3),2.3333333333333286,0.1266304579476181,0.599041649596653
MB3 (n=2),MB4 (n=3),0.0,1.0,1.0
MB3 (n=2),MB5 (n=3),0.0,1.0,1.0
MB4 (n=3),MB5 (n=3),2.3333333333333286,0.1266304579476181,0.599041649596653
