Group 1,Group 2,H,p-value,q-value
Free-living (n=5),Particle-attached (n=7),0.3230769230769255,0.5697643679606191,0.5697643679606191
