Group 1,Group 2,H,p-value,q-value
Free-living (n=5),Particle-attached (n=7),0.006593406593410123,0.9352830631070267,0.9352830631070267
