Group 1,Group 2,H,p-value,q-value
Free-living (n=5),Particle-attached (n=7),0.7978021978022056,0.3717512896455586,0.3717512896455586
