Group 1,Group 2,H,p-value,q-value
Free-living (n=5),Particle-attached (n=7),0.1648351648351678,0.6847433561373848,0.6847433561373848
